Search term,Campaign,Ad group,Match type,Added/Excluded,Clicks,Impr.,Cost,Conversions,RECOMMENDATION,NEG LEVEL,REASON
nfl camp,CM - Nonbranded - Other Geos (MxConv),Football Camps,Phrase match (close variant),None,0,1,0.00,0.00,ADD NEGATIVE,AD GROUP,Off-theme for ad group 'Football Camps'
kenwal day camp cost,CM - Nonbranded - Geo Priorities (MxCx),Summer Camps,Phrase match (close variant),None,0,1,0.00,0.00,ADD NEGATIVE,CAMPAIGN,Competitor term in nonbranded campaign: 'kenwal day camp'
92ny camp yomi,CM - Nonbranded - Geo Priorities (MxCx),Soccer Camps,Phrase match (close variant),None,0,1,0.00,0.00,ADD NEGATIVE,AD GROUP,Off-theme for ad group 'Soccer Camps'
tia new rochelle,CM - Nonbranded - Other Geos (MxConv),Tennis Camps,Broad match,None,0,1,0.00,0.00,ADD NEGATIVE,AD GROUP,Off-theme for ad group 'Tennis Camps'
arthur ashe kids day 2026,CM - Nonbranded - Other Geos (MxConv),Tennis Camps,Broad match,None,0,1,0.00,0.00,ADD NEGATIVE,AD GROUP,Off-theme for ad group 'Tennis Camps'
how to get my kids off screens,CM - pMax - Portland (MxConv),--,Performance Max,None,0,1,0.00,0.00,ADD NEGATIVE,ACCOUNT,Wrong intent signal: 'how to'
luhi summer camp tuition,CM - Nonbranded - Geo Priorities (MxCx),Sports Camps,Phrase match (close variant),None,0,1,0.00,0.00,ADD NEGATIVE,CAMPAIGN,Competitor term in nonbranded campaign: 'luhi summer camp'
fastbreak kids,CM - Nonbranded - Other Geos (MxConv),Basketball Camp,Phrase match (close variant),None,1,2,5.80,0.00,ADD NEGATIVE,AD GROUP,Off-theme for ad group 'Basketball Camp'
cooper flagg camp 2026,CM - Nonbranded - Other Geos (MxConv),Basketball Camp,Phrase match (close variant),None,0,1,0.00,0.00,ADD NEGATIVE,AD GROUP,Off-theme for ad group 'Basketball Camp'
junior celtics camp,CM - Nonbranded - Other Geos (MxConv),Basketball Camp,Phrase match (close variant),None,0,1,0.00,0.00,ADD NEGATIVE,AD GROUP,Off-theme for ad group 'Basketball Camp'
hoop dreams huntington ny,CM - Nonbranded - Geo Priorities (MxCx),Basketball Camp,Phrase match (close variant),None,0,2,0.00,0.00,ADD NEGATIVE,AD GROUP,Off-theme for ad group 'Basketball Camp'
wildcats camp 2026,CM - Nonbranded - Geo Priorities (MxCx),Basketball Camp,Phrase match (close variant),None,0,2,0.00,0.00,ADD NEGATIVE,AD GROUP,Off-theme for ad group 'Basketball Camp'
what size is a normal soccer ball,CM - pMax - Portland (MxConv),--,Performance Max,None,0,1,0.00,0.00,ADD NEGATIVE,ACCOUNT,Wrong intent signal: 'what size'
summer school near me,CM - Nonbranded - Other Geos (MxConv),Tennis Camps,Broad match,None,0,1,0.00,0.00,ADD NEGATIVE,AD GROUP,Off-theme for ad group 'Tennis Camps'
camps for 11 year old girls,CM - Nonbranded - Geo Priorities (MxCx),Soccer Camps,Phrase match (close variant),None,0,2,0.00,0.00,ADD NEGATIVE,AD GROUP,Off-theme for ad group 'Soccer Camps'
adventure camp white plains,CM - Nonbranded - Other Geos (MxConv),Tennis Camps,Broad match,None,0,1,0.00,0.00,ADD NEGATIVE,AD GROUP,Off-theme for ad group 'Tennis Camps'
softball clinic drills,CM - Nonbranded - Geo Priorities (MxCx),Softball Camps,Phrase match,None,0,2,0.00,0.00,ADD NEGATIVE,ACCOUNT,Wrong intent signal: 'drills'
long island health and racquet,CM - Nonbranded - Other Geos (MxConv),Tennis Camps,Broad match,None,0,2,0.00,0.00,ADD NEGATIVE,AD GROUP,Off-theme for ad group 'Tennis Camps'
tcr camp,CM - Nonbranded - Other Geos (MxConv),Tennis Camps,Broad match,None,0,1,0.00,0.00,ADD NEGATIVE,AD GROUP,Off-theme for ad group 'Tennis Camps'
payton pritchard camp,CM - Nonbranded - Geo Priorities (MxCx),Basketball Camp,Phrase match (close variant),None,0,1,0.00,0.00,ADD NEGATIVE,AD GROUP,Off-theme for ad group 'Basketball Camp'
long island ny,CM - pMax - Portland (MxConv),--,Performance Max,None,0,1,0.00,0.00,ADD NEGATIVE,CAMPAIGN,NY/LI geography in Portland campaign: 'long island'
what size soccer net for 12 year old,CM - pMax - Portland (MxConv),--,Performance Max,None,0,1,0.00,0.00,ADD NEGATIVE,ACCOUNT,Wrong intent signal: 'what size'
qb camp for youth,CM - Nonbranded - Geo Priorities (MxCx),Football Camps,Phrase match (close variant),None,0,2,0.00,0.00,ADD NEGATIVE,AD GROUP,Off-theme for ad group 'Football Camps'
lu high camp,CM - Competitors - OldW - (Mx.Clicks),Competitors,Exact match (close variant),None,0,1,0.00,0.00,ADD NEGATIVE,CAMPAIGN,No competitor signal - not relevant for competitors campaign
ymcacamp,CM - Nonbranded - Other Geos (MxConv),Tennis Camps,Broad match,None,0,2,0.00,0.00,ADD NEGATIVE,AD GROUP,Off-theme for ad group 'Tennis Camps'
sport time camp,CM - Nonbranded - Other Geos (MxConv),Tennis Camps,Broad match,None,0,1,0.00,0.00,ADD NEGATIVE,AD GROUP,Off-theme for ad group 'Tennis Camps'
futures camp,CM - Nonbranded - Other Geos (MxConv),Tennis Camps,Broad match,None,0,1,0.00,0.00,ADD NEGATIVE,AD GROUP,Off-theme for ad group 'Tennis Camps'
2way camp,CM - Nonbranded - Other Geos (MxConv),Lacrosse Camps,Phrase match (close variant),None,0,1,0.00,0.00,ADD NEGATIVE,AD GROUP,Off-theme for ad group 'Lacrosse Camps'
camp registration,CM - Nonbranded - Other Geos (MxConv),Tennis Camps,Broad match,None,0,1,0.00,0.00,ADD NEGATIVE,AD GROUP,Off-theme for ad group 'Tennis Camps'
westchester kids,CM - Nonbranded - Other Geos (MxConv),Tennis Camps,Broad match,None,0,1,0.00,0.00,ADD NEGATIVE,AD GROUP,Off-theme for ad group 'Tennis Camps'
volley ball camp,CM - Nonbranded - Geo Priorities (MxCx),Volleyball Camps,Exact match (close variant),None,0,1,0.00,0.00,ADD NEGATIVE,AD GROUP,Off-theme for ad group 'Volleyball Camps'
lu high summer camp,CM - Competitors - OldW - (Mx.Clicks),Competitors,Exact match (close variant),None,0,1,0.00,0.00,ADD NEGATIVE,CAMPAIGN,No competitor signal - not relevant for competitors campaign
hoopgroup camp,CM - Nonbranded - Other Geos (MxConv),Basketball Camp,Phrase match (close variant),None,0,1,0.00,0.00,ADD NEGATIVE,AD GROUP,Off-theme for ad group 'Basketball Camp'
sports for kids near me,CM - Nonbranded - Other Geos (MxConv),Tennis Camps,Broad match,None,1,3,1.95,0.00,ADD NEGATIVE,AD GROUP,Off-theme for ad group 'Tennis Camps'
camp for 14 year old girl,CM - Nonbranded - Geo Priorities (MxCx),Soccer Camps,Phrase match (close variant),None,0,5,0.00,0.00,ADD NEGATIVE,AD GROUP,Off-theme for ad group 'Soccer Camps'
qb camps,CM - Nonbranded - Geo Priorities (MxCx),Football Camps,Phrase match (close variant),None,1,1,1.44,0.00,ADD NEGATIVE,AD GROUP,Off-theme for ad group 'Football Camps'
academic summer camps,CM - Nonbranded - Geo Priorities (MxCx),Summer Camps,Phrase match (close variant),None,0,1,0.00,0.00,OK,,Appears relevant
age 4 summer camp,CM - Nonbranded - Geo Priorities (MxCx),Summer Camps,Phrase match,None,0,1,0.00,0.00,OK,,Appears relevant
laurel hill school summer camp,CM - Nonbranded - Geo Priorities (MxCx),Summer Camps,Phrase match,None,0,2,0.00,0.00,OK,,Appears relevant
summer camp long island,CM - Nonbranded - Geo Priorities (MxCx),Summer Camps,Exact match (close variant),None,0,13,0.00,0.00,OK,,Appears relevant
afternoon camp,CM - Nonbranded - Geo Priorities (MxCx),Summer Camps,Phrase match (close variant),None,0,1,0.00,0.00,OK,,Appears relevant
fastpitch softball camp,CM - Nonbranded - Other Geos (MxConv),Softball Camps,Phrase match,None,0,2,0.00,0.00,OK,,Appears relevant
driftwood day camp,CM - Competitors - OldW - (Mx.Clicks),Competitors,Exact match,Added,0,13,0.00,0.00,OK,,Competitor matched: 'driftwood'
summer volleyball camps,CM - Nonbranded - Geo Priorities (MxCx),Volleyball Camps,Exact match (close variant),None,0,3,0.00,0.00,OK,,Appears relevant
summer camp for 5 year olds near me,CM - Nonbranded - Geo Priorities (MxCx),Summer Camps,Phrase match,None,1,1,1.82,0.00,OK,,Appears relevant
badger day camp,CM - Nonbranded - Geo Priorities (MxCx),Summer Camps,Phrase match (close variant),None,0,1,0.00,0.00,OK,,Appears relevant
volleyball camps,CM - Nonbranded - Geo Priorities (MxCx),Volleyball Camps,Exact match,Added,0,2,0.00,0.00,OK,,Appears relevant
summer camp garden city,CM - Nonbranded - Geo Priorities (MxCx),Summer Camps,Phrase match (close variant),None,0,2,0.00,0.00,OK,,Appears relevant
riverside tennis camp,CM - Nonbranded - Other Geos (MxConv),Tennis Camps,Phrase match,None,0,2,0.00,0.00,OK,,Appears relevant
east meadow summer camp,CM - Nonbranded - Geo Priorities (MxCx),Summer Camps,Phrase match,None,1,2,3.98,0.00,OK,,Appears relevant
summer camp near me,CM - pMax - Portland (MxConv),--,Performance Max,None,0,2,0.00,0.00,OK,,Appears relevant for Portland market
young people's day camp central islip,CM - Nonbranded - Geo Priorities (MxCx),Summer Camps,Phrase match (close variant),None,0,1,0.00,0.00,OK,,Appears relevant
summer camps for kids in maine,CM - pMax - Portland (MxConv),--,Performance Max,None,0,1,0.00,0.00,OK,,Appears relevant for Portland market
tennis camp for kids,CM - Nonbranded - Geo Priorities (MxCx),Summer Camps,Phrase match,None,1,1,2.11,0.00,OK,,Appears relevant
field hockey camps on long island,CM - Nonbranded - Geo Priorities (MxCx),Summer Camps,Phrase match (close variant),None,0,1,0.00,0.00,OK,,Appears relevant
boys and girls club summer camp,CM - Nonbranded - Geo Priorities (MxCx),Summer Camps,Phrase match,None,0,1,0.00,0.00,OK,,Appears relevant
basketball camp long island,CM - Nonbranded - Geo Priorities (MxCx),Summer Camps,Phrase match (close variant),None,0,1,0.00,0.00,OK,,Appears relevant
camp for 14 year old girl,CM - Nonbranded - Geo Priorities (MxCx),Summer Camps,Phrase match (close variant),None,0,1,0.00,0.00,OK,,Appears relevant
swimming camps near me,CM - Nonbranded - Geo Priorities (MxCx),Summer Camps,Phrase match (close variant),None,0,2,0.00,0.00,OK,,Appears relevant
day camps long island,CM - Nonbranded - Other Geos (MxConv),Tennis Camps,Broad match,None,1,2,3.03,0.00,OK,,Appears relevant
luhi camp,CM - Competitors - OldW - (Mx.Clicks),Competitors,Exact match,Added,1,8,4.15,0.00,OK,,Competitor matched: 'luhi'
hofstra basketball camp,CM - Nonbranded - Geo Priorities (MxCx),Summer Camps,Phrase match (close variant),None,0,2,0.00,0.00,OK,,Appears relevant
tennis camps long island,CM - Nonbranded - Geo Priorities (MxCx),Summer Camps,Phrase match (close variant),None,1,1,1.57,0.00,OK,,Appears relevant
art camp near me,CM - Nonbranded - Geo Priorities (MxCx),Summer Camps,Phrase match (close variant),None,0,1,0.00,0.00,OK,,Appears relevant
summer camps near by,CM - Nonbranded - Geo Priorities (MxCx),Summer Camps,Exact match (close variant),None,0,1,0.00,0.00,OK,,Appears relevant
buckley day camp,CM - Competitors - OldW - (Mx.Clicks),Competitors,Exact match (close variant),None,0,9,0.00,0.00,OK,,Competitor matched: 'buckley'
high school size soccer ball,CM - pMax - Portland (MxConv),--,Performance Max,None,1,1,0.30,0.00,OK,,Appears relevant for Portland market
summer day camps for kids near me,CM - Nonbranded - Geo Priorities (MxCx),Summer Camps,Exact match (close variant),None,0,1,0.00,0.00,OK,,Appears relevant
cheverus basketball camp,CM - Nonbranded - Other Geos (MxConv),Basketball Camp,Phrase match,None,1,3,3.41,0.00,OK,,Appears relevant
football camp,CM - Nonbranded - Geo Priorities (MxCx),Football Camps,Exact match,Added,0,2,0.00,0.00,OK,,Appears relevant
summer camps near me 2026,CM - Nonbranded - Other Geos (MxConv),Tennis Camps,Broad match,None,0,2,0.00,0.00,OK,,Appears relevant
hofstra camp,CM - Competitors - OldW - (Mx.Clicks),Competitors,Exact match,Added,0,2,0.00,0.00,OK,,Competitor matched: 'hofstra'
basketball camps in maine,CM - pMax - Portland (MxConv),--,Performance Max,None,0,1,0.00,0.00,OK,,Appears relevant for Portland market
summer camps nassau county,CM - Nonbranded - Geo Priorities (MxCx),Summer Camps,Phrase match (close variant),None,0,1,0.00,0.00,OK,,Appears relevant
lindenhurst summer camp 2026,CM - Nonbranded - Geo Priorities (MxCx),Summer Camps,Phrase match (close variant),None,0,1,0.00,0.00,OK,,Appears relevant
lax camp,CM - Nonbranded - Other Geos (MxConv),Lacrosse Camps,Exact match (close variant),None,0,2,0.00,0.00,OK,,Appears relevant
swish camp usm,CM - pMax - Portland (MxConv),--,Performance Max,None,0,3,0.00,0.00,OK,,Appears relevant for Portland market
center day camp maine,CM - pMax - Portland (MxConv),--,Performance Max,None,0,1,0.00,0.00,OK,,Appears relevant for Portland market
future stars patchogue,CM - Branded (Mx.Clicks),Future Stars Camp Brand,Phrase match (close variant),None,1,4,0.62,0.00,OK,,Brand term matched: 'future stars'
future stars volleyball camp,CM - Branded (Mx.Clicks),Future Stars Camp Brand,Phrase match,None,1,1,1.26,0.00,OK,,Brand term matched: 'future stars'
usm camps,CM - pMax - Portland (MxConv),--,Performance Max,None,0,1,0.00,0.00,OK,,Appears relevant for Portland market
old westbury camp,CM - Nonbranded - Geo Priorities (MxCx),Summer Camps,Exact match (close variant),Added,0,1,0.00,0.00,OK,,Appears relevant
tennis camp for kids,CM - Nonbranded - Geo Priorities (MxCx),Summer Camps,Phrase match (close variant),None,0,1,0.00,0.00,OK,,Appears relevant
robotics camp long island,CM - Nonbranded - Geo Priorities (MxCx),Summer Camps,Phrase match (close variant),None,1,2,1.79,0.00,OK,,Appears relevant
lacrosse camps in new york,CM - Nonbranded - Geo Priorities (MxCx),Lacrosse Camps,Exact match (close variant),None,0,1,0.00,0.00,OK,,Appears relevant
st joseph's volleyball camp,CM - pMax - Portland (MxConv),--,Performance Max,None,0,1,0.00,0.00,OK,,Appears relevant for Portland market
girls volleyball camp,CM - Nonbranded - Geo Priorities (MxCx),Volleyball Camps,Phrase match,None,0,2,0.00,0.00,OK,,Appears relevant
harbor summer camp,CM - Nonbranded - Geo Priorities (MxCx),Summer Camps,Phrase match,None,0,1,0.00,0.00,OK,,Appears relevant
lake grove summer camp,CM - Nonbranded - Geo Priorities (MxCx),Summer Camps,Phrase match,None,1,2,2.98,0.00,OK,,Appears relevant
ymcali org camp,CM - Nonbranded - Geo Priorities (MxCx),Summer Camps,Phrase match (close variant),None,0,1,0.00,0.00,OK,,Appears relevant
future stars camp locations,CM - Branded (Mx.Clicks),Future Stars Camp Brand,Exact match (close variant),None,1,2,0.76,0.00,OK,,Brand term matched: 'future stars'
local camps,CM - Nonbranded - Geo Priorities (MxCx),Summer Camps,Exact match (close variant),None,0,1,0.00,0.00,OK,,Appears relevant
liu lacrosse camp,CM - Nonbranded - Geo Priorities (MxCx),Lacrosse Camps,Phrase match (close variant),None,0,1,0.00,0.00,OK,,Appears relevant
day camp long island,CM - Nonbranded - Geo Priorities (MxCx),Summer Camps,Phrase match (close variant),None,0,2,0.00,0.00,OK,,Appears relevant
hastings day camp,CM - Nonbranded - Geo Priorities (MxCx),Summer Camps,Phrase match (close variant),None,0,1,0.00,0.00,OK,,Appears relevant
future stars camp,CM - Branded (Mx.Clicks),Future Stars Camp Brand,Exact match,Added,24,44,23.87,0.00,OK,,Brand term matched: 'future stars'
flag football camp summer,CM - Nonbranded - Geo Priorities (MxCx),Football Camps,Exact match (close variant),None,0,1,0.00,0.00,OK,,Appears relevant
hofstra lacrosse summer camp,CM - Nonbranded - Geo Priorities (MxCx),Lacrosse Camps,Phrase match,None,1,1,1.51,0.00,OK,,Appears relevant
day camp long island,CM - Nonbranded - Geo Priorities (MxCx),Summer Camps,Exact match (close variant),None,0,1,0.00,0.00,OK,,Appears relevant
buckley camp,CM - Competitors - OldW - (Mx.Clicks),Competitors,Exact match,Added,0,3,0.00,0.00,OK,,Competitor matched: 'buckley'
red storm basketball camp,CM - Nonbranded - Other Geos (MxConv),Basketball Camp,Phrase match,None,0,1,0.00,0.00,OK,,Appears relevant
summer camps near me basketball,CM - Nonbranded - Geo Priorities (MxCx),Basketball Camp,Exact match (close variant),None,0,2,0.00,0.00,OK,,Appears relevant
bolles summer camp 2026,CM - Nonbranded - Geo Priorities (MxCx),Summer Camps,Phrase match,None,0,2,0.00,0.00,OK,,Appears relevant
spartans basketball camp,CM - Nonbranded - Geo Priorities (MxCx),Basketball Camp,Phrase match,None,1,2,3.46,0.00,OK,,Appears relevant
freeport rec center summer camp,CM - Nonbranded - Geo Priorities (MxCx),Summer Camps,Phrase match,None,0,2,0.00,0.00,OK,,Appears relevant
camp harbor st james,CM - Nonbranded - Geo Priorities (MxCx),Summer Camps,Phrase match (close variant),None,0,2,0.00,0.00,OK,,Appears relevant
usa sports camps,CM - Nonbranded - Other Geos (MxConv),Tennis Camps,Broad match,None,0,1,0.00,0.00,OK,,Appears relevant
mitchell pehlke lacrosse camp,CM - Nonbranded - Geo Priorities (MxCx),Lacrosse Camps,Phrase match (close variant),None,0,1,0.00,0.00,OK,,Appears relevant
summer volleyball camp,CM - Nonbranded - Geo Priorities (MxCx),Volleyball Camps,Exact match (close variant),None,0,2,0.00,0.00,OK,,Appears relevant
swimming camp long island,CM - Nonbranded - Geo Priorities (MxCx),Sports Camps,Phrase match (close variant),None,0,1,0.00,0.00,OK,,Appears relevant
sua sponte lacrosse,CM - Nonbranded - Other Geos (MxConv),Lacrosse Camps,Phrase match (close variant),None,0,1,0.00,0.00,OK,,Appears relevant
apex tennis camp,CM - Nonbranded - Other Geos (MxConv),Tennis Camps,Phrase match,None,0,2,0.00,0.00,OK,,Appears relevant
une basketball camp,CM - pMax - Portland (MxConv),--,Performance Max,None,0,1,0.00,0.00,OK,,Appears relevant for Portland market
volleyball camp for kids,CM - Nonbranded - Geo Priorities (MxCx),Volleyball Camps,Exact match (close variant),None,0,1,0.00,0.00,OK,,Appears relevant
levittown summer camp,CM - Nonbranded - Geo Priorities (MxCx),Summer Camps,Phrase match,None,0,1,0.00,0.00,OK,,Appears relevant
softball clinic,CM - Nonbranded - Geo Priorities (MxCx),Softball Camps,Phrase match (close variant),None,0,1,0.00,0.00,OK,,Appears relevant
soccer camps,CM - Nonbranded - Geo Priorities (MxCx),Soccer Camps,Exact match,Added,0,1,0.00,0.00,OK,,Appears relevant
camp rays,CM - Nonbranded - Geo Priorities (MxCx),Summer Camps,Phrase match (close variant),None,0,2,0.00,0.00,OK,,Appears relevant
softball camps long island,CM - Nonbranded - Other Geos (MxConv),Softball Camps,Phrase match,Added,0,2,0.00,0.00,OK,,Appears relevant
gallery north summer camp,CM - Nonbranded - Geo Priorities (MxCx),Summer Camps,Phrase match,None,0,1,0.00,0.00,OK,,Appears relevant
luhi basketball,CM - Nonbranded - Geo Priorities (MxCx),Basketball Camp,Phrase match (close variant),None,0,3,0.00,0.00,OK,,Appears relevant
camp timberlake,CM - Nonbranded - Geo Priorities (MxCx),Summer Camps,Phrase match (close variant),None,0,1,0.00,0.00,OK,,Appears relevant
st joseph's summer camps,CM - Nonbranded - Geo Priorities (MxCx),Summer Camps,Phrase match,None,0,1,0.00,0.00,OK,,Appears relevant
waynflete summer camp,CM - pMax - Portland (MxConv),--,Performance Max,None,0,1,0.00,0.00,OK,,Appears relevant for Portland market
bay shore summer camps,CM - Nonbranded - Geo Priorities (MxCx),Summer Camps,Phrase match,None,0,1,0.00,0.00,OK,,Appears relevant
teen summer camps near me,CM - Nonbranded - Geo Priorities (MxCx),Summer Camps,Phrase match,None,0,1,0.00,0.00,OK,,Appears relevant
volleyball beginners near me,CM - Nonbranded - Geo Priorities (MxCx),Volleyball Camps,Phrase match (close variant),None,0,16,0.00,0.00,OK,,Appears relevant
long island teen camps,CM - Nonbranded - Geo Priorities (MxCx),Summer Camps,Exact match (close variant),None,0,4,0.00,0.00,OK,,Appears relevant
best soccer summer camps near me,CM - Nonbranded - Geo Priorities (MxCx),Soccer Camps,Exact match (close variant),None,0,2,0.00,0.00,OK,,Appears relevant
camprus,CM - Competitors - OldW - (Mx.Clicks),Competitors,Exact match (close variant),None,0,2,0.00,0.00,OK,,Competitor matched: 'camprus'
kim hillier lacrosse camps,CM - Nonbranded - Geo Priorities (MxCx),Lacrosse Camps,Phrase match (close variant),None,0,1,0.00,0.00,OK,,Appears relevant
gorham arts alliance summer camp,CM - pMax - Portland (MxConv),--,Performance Max,None,0,1,0.00,0.00,OK,,Appears relevant for Portland market
lacrosse goalie camps 2026,CM - Nonbranded - Other Geos (MxConv),Lacrosse Camps,Phrase match (close variant),None,0,2,0.00,0.00,OK,,Appears relevant
mineola summer camp,CM - Nonbranded - Geo Priorities (MxCx),Summer Camps,Phrase match,None,0,1,0.00,0.00,OK,,Appears relevant
youth summer golf camps near me,CM - Nonbranded - Geo Priorities (MxCx),Summer Camps,Phrase match (close variant),None,0,1,0.00,0.00,OK,,Appears relevant
summer camps for 15 year old,CM - Nonbranded - Geo Priorities (MxCx),Summer Camps,Phrase match (close variant),None,0,1,0.00,0.00,OK,,Appears relevant
brentwood summer camp,CM - Nonbranded - Geo Priorities (MxCx),Summer Camps,Phrase match,None,0,1,0.00,0.00,OK,,Appears relevant
luhi summer,CM - Competitors - OldW - (Mx.Clicks),Competitors,Exact match (close variant),None,0,1,0.00,0.00,OK,,Competitor matched: 'luhi'
soccer camp long island,CM - Nonbranded - Geo Priorities (MxCx),Soccer Camps,Phrase match,None,1,5,2.93,0.00,OK,,Appears relevant
art camp long island,CM - Nonbranded - Geo Priorities (MxCx),Summer Camps,Phrase match (close variant),None,0,1,0.00,0.00,OK,,Appears relevant
oasis day camp,CM - Competitors - OldW - (Mx.Clicks),Competitors,Exact match,Added,0,3,0.00,0.00,OK,,Competitor matched: 'oasis'
maine summer camps,CM - pMax - Portland (MxConv),--,Performance Max,None,0,2,0.00,0.00,OK,,Appears relevant for Portland market
usm stem camp,CM - pMax - Portland (MxConv),--,Performance Max,None,0,1,0.00,0.00,OK,,Appears relevant for Portland market
basketball camps westchester,CM - Nonbranded - Other Geos (MxConv),Basketball Camp,Phrase match,None,0,1,0.00,0.00,OK,,Appears relevant
hofstra volleyball camp,CM - Nonbranded - Geo Priorities (MxCx),Volleyball Camps,Phrase match,None,0,1,0.00,0.00,OK,,Appears relevant
basketball camp,CM - Nonbranded - Geo Priorities (MxCx),Basketball Camp,Exact match,Added,0,1,0.00,0.00,OK,,Appears relevant
usm summer camps,CM - pMax - Portland (MxConv),--,Performance Max,None,0,2,0.00,0.00,OK,,Appears relevant for Portland market
tumbling summer camp,CM - Nonbranded - Geo Priorities (MxCx),Sports Camps,Phrase match (close variant),None,0,2,0.00,0.00,OK,,Appears relevant
kids baseball camp,CM - Nonbranded - Geo Priorities (MxCx),Summer Camps,Phrase match,None,0,1,0.00,0.00,OK,,Appears relevant
theater camp near me,CM - Nonbranded - Geo Priorities (MxCx),Summer Camps,Phrase match (close variant),None,4,8,5.56,0.00,OK,,Appears relevant
flag football camp,CM - Nonbranded - Geo Priorities (MxCx),Football Camps,Exact match (close variant),None,0,1,0.00,0.00,OK,,Appears relevant
tarrytown camp,CM - Nonbranded - Geo Priorities (MxCx),Summer Camps,Phrase match (close variant),None,0,2,0.00,0.00,OK,,Appears relevant
baseball summer camp,CM - Nonbranded - Geo Priorities (MxCx),Summer Camps,Phrase match,None,0,3,0.00,0.00,OK,,Appears relevant
lacrosse camps long island,CM - Nonbranded - Geo Priorities (MxCx),Summer Camps,Phrase match (close variant),None,1,3,3.52,0.00,OK,,Appears relevant
summer camp soccer,CM - Nonbranded - Geo Priorities (MxCx),Soccer Camps,Phrase match (close variant),None,0,3,0.00,0.00,OK,,Appears relevant
summer camps for teens near me,CM - Nonbranded - Geo Priorities (MxCx),Summer Camps,Phrase match,None,0,2,0.00,0.00,OK,,Appears relevant
summer camp li,CM - Nonbranded - Geo Priorities (MxCx),Summer Camps,Phrase match (close variant),None,0,2,0.00,0.00,OK,,Appears relevant
future stars brentwood,CM - Branded (Mx.Clicks),Future Stars Camp Brand,Phrase match,None,0,3,0.00,0.00,OK,,Brand term matched: 'future stars'
regulation size soccer ball,CM - pMax - Portland (MxConv),--,Performance Max,None,0,1,0.00,0.00,OK,,Appears relevant for Portland market
horse riding camps for kids,CM - Nonbranded - Geo Priorities (MxCx),Horseback Riding,Phrase match,None,1,4,3.51,0.00,OK,,Appears relevant
soccer camp,CM - Nonbranded - Geo Priorities (MxCx),Soccer Camps,Exact match (close variant),None,0,2,0.00,0.00,OK,,Appears relevant
future star summer camp,CM - Branded (Mx.Clicks),Future Stars Camp Brand,Exact match (close variant),None,1,2,2.80,0.00,OK,,Brand term matched: 'future star'
cheer camp,CM - Nonbranded - Geo Priorities (MxCx),Sports Camps,Phrase match (close variant),None,0,1,0.00,0.00,OK,,Appears relevant
goalkeeper soccer camps,CM - Nonbranded - Geo Priorities (MxCx),Soccer Camps,Phrase match,None,0,3,0.00,0.00,OK,,Appears relevant
maine volleyball academy,CM - pMax - Portland (MxConv),--,Performance Max,None,0,1,0.00,0.00,OK,,Appears relevant for Portland market
phelps lane north babylon summer camp,CM - Nonbranded - Geo Priorities (MxCx),Summer Camps,Phrase match,None,0,1,0.00,0.00,OK,,Appears relevant
volleyball camp for kids near me,CM - Nonbranded - Geo Priorities (MxCx),Volleyball Camps,Exact match (close variant),None,0,1,0.00,0.00,OK,,Appears relevant
volleyball camp for kids near me,CM - Nonbranded - Geo Priorities (MxCx),Volleyball Camps,Phrase match,None,0,1,0.00,0.00,OK,,Appears relevant
future stars summer camps,CM - Branded (Mx.Clicks),Future Stars Camp Brand,Exact match (close variant),None,5,7,2.71,0.00,OK,,Brand term matched: 'future stars'
3d lacrosse,CM - pMax - Portland (MxConv),--,Performance Max,None,0,1,0.00,0.00,OK,,Appears relevant for Portland market
summer kids golf camp near me,CM - Nonbranded - Geo Priorities (MxCx),Summer Camps,Phrase match,None,0,1,0.00,0.00,OK,,Appears relevant
summer camps new hyde park,CM - Nonbranded - Geo Priorities (MxCx),Summer Camps,Phrase match,None,0,3,0.00,0.00,OK,,Appears relevant
kidstrong summer camp,CM - Nonbranded - Geo Priorities (MxCx),Summer Camps,Phrase match (close variant),None,0,1,0.00,0.00,OK,,Appears relevant
soccer camp near me summer 2026,CM - Nonbranded - Geo Priorities (MxCx),Soccer Camps,Phrase match,None,0,1,0.00,0.00,OK,,Appears relevant
summer camps in my area,CM - Nonbranded - Geo Priorities (MxCx),Summer Camps,Exact match (close variant),None,1,6,2.96,0.00,OK,,Appears relevant
summer camps for kids near me,CM - Nonbranded - Geo Priorities (MxCx),Summer Camps,Exact match (close variant),None,0,1,0.00,0.00,OK,,Appears relevant
summer camp for 12 year old girls,CM - Nonbranded - Geo Priorities (MxCx),Summer Camps,Phrase match,None,0,2,0.00,0.00,OK,,Appears relevant
summer soccer camps near me,CM - pMax - Portland (MxConv),--,Performance Max,None,0,3,0.00,0.00,OK,,Appears relevant for Portland market
basketball camp for 7 year olds,CM - Nonbranded - Geo Priorities (MxCx),Basketball Camp,Phrase match,None,1,1,1.71,0.00,OK,,Appears relevant
nassau county day camps,CM - Nonbranded - Geo Priorities (MxCx),Summer Camps,Phrase match (close variant),None,0,2,0.00,0.00,OK,,Appears relevant
usm summer sports camps,CM - pMax - Portland (MxConv),--,Performance Max,None,0,5,0.00,0.00,OK,,Appears relevant for Portland market
football camp,CM - Nonbranded - Geo Priorities (MxCx),Football Camps,Exact match (close variant),Added,0,3,0.00,0.00,OK,,Appears relevant
summer camp nassau county ny,CM - Nonbranded - Geo Priorities (MxCx),Summer Camps,Phrase match,None,0,3,0.00,0.00,OK,,Appears relevant
maine summer soccer camps,CM - pMax - Portland (MxConv),--,Performance Max,None,0,2,0.00,0.00,OK,,Appears relevant for Portland market
ll bean camps,CM - pMax - Portland (MxConv),--,Performance Max,None,0,1,0.00,0.00,OK,,Appears relevant for Portland market
future stars basketball camp,CM - Branded (Mx.Clicks),Future Stars Camp Brand,Phrase match,None,1,1,0.10,0.00,OK,,Brand term matched: 'future stars'
hofstra baseball camp,CM - Nonbranded - Other Geos (MxConv),Baseball Camps,Phrase match (close variant),None,0,2,0.00,0.00,OK,,Appears relevant
summer camp long island,CM - Nonbranded - Other Geos (MxConv),Tennis Camps,Broad match,None,0,2,0.00,0.00,OK,,Appears relevant
summer baseball camps,CM - Nonbranded - Other Geos (MxConv),Baseball Camps,Exact match (close variant),Added,0,1,0.00,0.00,OK,,Appears relevant
maine juniors volleyball camp,CM - pMax - Portland (MxConv),--,Performance Max,None,0,1,0.00,0.00,OK,,Appears relevant for Portland market
summer daycare for 5 year olds,CM - Nonbranded - Geo Priorities (MxCx),Summer Camps,Phrase match (close variant),None,0,3,0.00,0.00,OK,,Appears relevant
basketball camp for 7 year olds,CM - Nonbranded - Geo Priorities (MxCx),Basketball Camp,Phrase match (close variant),None,0,2,0.00,0.00,OK,,Appears relevant
nassau county summer camp 2026,CM - Nonbranded - Geo Priorities (MxCx),Summer Camps,Phrase match,None,0,2,0.00,0.00,OK,,Appears relevant
future stars summer camp,CM - Branded (Mx.Clicks),Future Stars Camp Brand,Exact match (close variant),Added,12,15,14.46,0.50,OK,,Brand term matched: 'future stars'
shibley day camp,CM - Competitors - OldW - (Mx.Clicks),Competitors,Exact match,Added,0,12,0.00,0.00,OK,,Competitor matched: 'shibley'
suffolk county summer camp,CM - Nonbranded - Geo Priorities (MxCx),Summer Camps,Phrase match,None,0,2,0.00,0.00,OK,,Appears relevant
basketball summer camps near me,CM - Nonbranded - Geo Priorities (MxCx),Basketball Camp,Exact match (close variant),Added,2,2,3.46,0.00,OK,,Appears relevant
teen day camps,CM - Nonbranded - Geo Priorities (MxCx),Summer Camps,Phrase match (close variant),None,0,1,0.00,0.00,OK,,Appears relevant
youth summer camp,CM - Nonbranded - Geo Priorities (MxCx),Summer Camps,Exact match (close variant),None,0,1,0.00,0.00,OK,,Appears relevant
kings park summer camp,CM - Nonbranded - Geo Priorities (MxCx),Summer Camps,Phrase match,None,0,2,0.00,0.00,OK,,Appears relevant
camp sebago maine,CM - pMax - Portland (MxConv),--,Performance Max,None,0,1,0.00,0.00,OK,,Appears relevant for Portland market
sound lacrosse camp,CM - Nonbranded - Other Geos (MxConv),Lacrosse Camps,Phrase match (close variant),None,0,1,0.00,0.00,OK,,Appears relevant
summer programs for kids,CM - Nonbranded - Geo Priorities (MxCx),Summer Camps,Exact match (close variant),Added,0,3,0.00,0.00,OK,,Appears relevant
westchester day camp,CM - Nonbranded - Geo Priorities (MxCx),Summer Camps,Phrase match (close variant),None,0,1,0.00,0.00,OK,,Appears relevant
bethpage summer camps,CM - Nonbranded - Geo Priorities (MxCx),Summer Camps,Phrase match,None,0,1,0.00,0.00,OK,,Appears relevant
ninja camp,CM - Nonbranded - Geo Priorities (MxCx),Summer Camps,Phrase match (close variant),None,0,1,0.00,0.00,OK,,Appears relevant
tennis summer camp 2026 near me,CM - Nonbranded - Geo Priorities (MxCx),Summer Camps,Phrase match,None,0,2,0.00,0.00,OK,,Appears relevant
dance camps near me,CM - Nonbranded - Geo Priorities (MxCx),Dance Camps,Exact match (close variant),None,0,3,0.00,0.00,OK,,Appears relevant
three village summer camp,CM - Nonbranded - Geo Priorities (MxCx),Summer Camps,Phrase match,None,0,1,0.00,0.00,OK,,Appears relevant
soccer camps near me,CM - Nonbranded - Geo Priorities (MxCx),Soccer Camps,Exact match (close variant),Added,0,1,0.00,0.00,OK,,Appears relevant
hofstra camps,CM - Competitors - OldW - (Mx.Clicks),Competitors,Exact match (close variant),None,2,4,8.28,0.00,OK,,Competitor matched: 'hofstra'
une basketball camp 2026,CM - pMax - Portland (MxConv),--,Performance Max,None,0,1,0.00,0.00,OK,,Appears relevant for Portland market
summer camp wantagh ny,CM - Nonbranded - Geo Priorities (MxCx),Summer Camps,Phrase match,None,0,2,0.00,0.00,OK,,Appears relevant
tennis innovators summer camp,CM - Nonbranded - Geo Priorities (MxCx),Summer Camps,Phrase match,None,0,1,0.00,0.00,OK,,Appears relevant
basketball camps,CM - Nonbranded - Geo Priorities (MxCx),Basketball Camp,Exact match (close variant),Added,0,1,0.00,0.00,OK,,Appears relevant
summer select soccer,CM - Nonbranded - Geo Priorities (MxCx),Soccer Camps,Phrase match (close variant),None,0,2,0.00,0.00,OK,,Appears relevant
camp for 4 year old near me,CM - Nonbranded - Geo Priorities (MxCx),Summer Camps,Phrase match (close variant),None,0,1,0.00,0.00,OK,,Appears relevant
art camps near me,CM - Nonbranded - Geo Priorities (MxCx),Summer Camps,Phrase match (close variant),None,0,1,0.00,0.00,OK,,Appears relevant
girls basketball camps near me,CM - Nonbranded - Geo Priorities (MxCx),Basketball Camp,Phrase match,None,1,1,1.48,0.00,OK,,Appears relevant
kid strong day camp,CM - Nonbranded - Geo Priorities (MxCx),Sports Camps,Phrase match (close variant),None,0,2,0.00,0.00,OK,,Appears relevant
sjb sports camps,CM - Nonbranded - Geo Priorities (MxCx),Sports Camps,Phrase match,None,0,1,0.00,0.00,OK,,Appears relevant
soccer camps on long island,CM - Nonbranded - Geo Priorities (MxCx),Soccer Camps,Phrase match,None,0,2,0.00,0.00,OK,,Appears relevant
newburgh summer camp,CM - Nonbranded - Geo Priorities (MxCx),Summer Camps,Phrase match (close variant),None,0,1,0.00,0.00,OK,,Appears relevant
soccer camps on long island,CM - Nonbranded - Geo Priorities (MxCx),Summer Camps,Phrase match (close variant),None,0,1,0.00,0.00,OK,,Appears relevant
soccer camp long island,CM - Nonbranded - Geo Priorities (MxCx),Summer Camps,Phrase match (close variant),None,0,2,0.00,0.00,OK,,Appears relevant
summer camp 2026,CM - Nonbranded - Geo Priorities (MxCx),Summer Camps,Phrase match,None,1,2,1.74,0.00,OK,,Appears relevant
soccer camps summer 2026,CM - Nonbranded - Geo Priorities (MxCx),Soccer Camps,Phrase match,None,0,1,0.00,0.00,OK,,Appears relevant
baseball camps,CM - Nonbranded - Other Geos (MxConv),Baseball Camps,Exact match (close variant),None,0,2,0.00,0.00,OK,,Appears relevant
luhi summer programs,CM - Competitors - OldW - (Mx.Clicks),Competitors,Exact match (close variant),None,0,1,0.00,0.00,OK,,Competitor matched: 'luhi'
basketball camps,CM - pMax - Portland (MxConv),--,Performance Max,None,0,1,0.00,0.00,OK,,Appears relevant for Portland market
nassau county camps,CM - Nonbranded - Geo Priorities (MxCx),Summer Camps,Phrase match (close variant),None,0,1,0.00,0.00,OK,,Appears relevant
1 summer camp,CM - Nonbranded - Geo Priorities (MxCx),Soccer Camps,Phrase match (close variant),None,0,1,0.00,0.00,OK,,Appears relevant
pierce summer camp,CM - Competitors - OldW - (Mx.Clicks),Competitors,Exact match,Added,2,5,8.24,0.00,OK,,Competitor matched: 'pierce'
town of mamaroneck recreation department summer camp,CM - Nonbranded - Other Geos (MxConv),Tennis Camps,Broad match,None,0,1,0.00,0.00,OK,,Appears relevant
swimming camp long island,CM - Nonbranded - Geo Priorities (MxCx),Summer Camps,Phrase match (close variant),None,0,1,0.00,0.00,OK,,Appears relevant
summer dance camps near me,CM - Nonbranded - Geo Priorities (MxCx),Dance Camps,Exact match (close variant),None,0,5,0.00,0.00,OK,,Appears relevant
camp laughing loon,CM - pMax - Portland (MxConv),--,Performance Max,None,0,1,0.00,0.00,OK,,Appears relevant for Portland market
pierce camp long island,CM - Competitors - OldW - (Mx.Clicks),Competitors,Exact match (close variant),None,1,3,4.12,0.00,OK,,Competitor matched: 'pierce'
7 week summer camp,CM - Nonbranded - Geo Priorities (MxCx),Summer Camps,Phrase match,None,0,1,0.00,0.00,OK,,Appears relevant
sport camp for kids near me,CM - Nonbranded - Geo Priorities (MxCx),Sports Camps,Phrase match,None,0,2,0.00,0.00,OK,,Appears relevant
science camps long island,CM - Nonbranded - Geo Priorities (MxCx),Summer Camps,Phrase match (close variant),None,0,1,0.00,0.00,OK,,Appears relevant
future stars,CM - Branded (Mx.Clicks),Future Stars Camp Brand,Exact match,Added,14,27,10.88,0.00,OK,,Brand term matched: 'future stars'
shibley summer camp,CM - Competitors - OldW - (Mx.Clicks),Competitors,Exact match,Added,0,1,0.00,0.00,OK,,Competitor matched: 'shibley'
shibley day camp roslyn,CM - Competitors - OldW - (Mx.Clicks),Competitors,Exact match (close variant),None,0,2,0.00,0.00,OK,,Competitor matched: 'shibley'
basketball camp near me,CM - Nonbranded - Geo Priorities (MxCx),Basketball Camp,Phrase match (close variant),Added,0,1,0.00,0.00,OK,,Appears relevant
usm volleyball camp 2026,CM - pMax - Portland (MxConv),--,Performance Max,None,0,1,0.00,0.00,OK,,Appears relevant for Portland market
summer camps maine,CM - pMax - Portland (MxConv),--,Performance Max,None,0,1,0.00,0.00,OK,,Appears relevant for Portland market
chapel school summer camp,CM - Nonbranded - Geo Priorities (MxCx),Summer Camps,Phrase match,None,0,2,0.00,0.00,OK,,Appears relevant
summer camp nassau county,CM - Nonbranded - Geo Priorities (MxCx),Summer Camps,Phrase match,None,0,2,0.00,0.00,OK,,Appears relevant
basketball camps near me,CM - Nonbranded - Geo Priorities (MxCx),Basketball Camp,Exact match,Added,2,3,2.94,0.00,OK,,Appears relevant
beginners volleyball camp,CM - Nonbranded - Geo Priorities (MxCx),Volleyball Camps,Phrase match,None,1,3,1.38,0.00,OK,,Appears relevant
basketball camp nassau county,CM - Nonbranded - Geo Priorities (MxCx),Basketball Camp,Phrase match,None,1,3,3.89,0.00,OK,,Appears relevant
pierce day camp,CM - Competitors - OldW - (Mx.Clicks),Competitors,Exact match,Added,0,9,0.00,0.00,OK,,Competitor matched: 'pierce'
drop in summer camps near me,CM - Nonbranded - Geo Priorities (MxCx),Summer Camps,Phrase match,None,0,4,0.00,0.00,OK,,Appears relevant
kidstrong summer camp,CM - Nonbranded - Geo Priorities (MxCx),Soccer Camps,Phrase match (close variant),None,0,1,0.00,0.00,OK,,Appears relevant
st mary's summer camp,CM - Nonbranded - Geo Priorities (MxCx),Summer Camps,Phrase match,None,0,2,0.00,0.00,OK,,Appears relevant
baseball camps summer 2026,CM - Nonbranded - Geo Priorities (MxCx),Summer Camps,Phrase match,None,0,1,0.00,0.00,OK,,Appears relevant
woodbury camp,CM - Nonbranded - Geo Priorities (MxCx),Summer Camps,Phrase match (close variant),None,0,1,0.00,0.00,OK,,Appears relevant
top gun lacrosse camp,CM - Nonbranded - Geo Priorities (MxCx),Lacrosse Camps,Phrase match (close variant),None,1,2,3.47,0.00,OK,,Appears relevant
icamp,CM - Nonbranded - Geo Priorities (MxCx),Summer Camps,Phrase match (close variant),None,0,1,0.00,0.00,OK,,Appears relevant
family summer camps near me,CM - Nonbranded - Geo Priorities (MxCx),Summer Camps,Phrase match (close variant),None,0,3,0.00,0.00,OK,,Appears relevant
nassau county summer camp,CM - Nonbranded - Geo Priorities (MxCx),Summer Camps,Phrase match,None,0,1,0.00,0.00,OK,,Appears relevant
saugerties tennis camp,CM - Nonbranded - Other Geos (MxConv),Tennis Camps,Phrase match,None,0,2,0.00,0.00,OK,,Appears relevant
camp kenwal melville,CM - Nonbranded - Geo Priorities (MxCx),Summer Camps,Phrase match (close variant),None,0,1,0.00,0.00,OK,,Appears relevant
x10 lacrosse camp,CM - Nonbranded - Geo Priorities (MxCx),Lacrosse Camps,Phrase match (close variant),None,0,2,0.00,0.00,OK,,Appears relevant
kidstrong day camp,CM - Nonbranded - Geo Priorities (MxCx),Summer Camps,Phrase match (close variant),None,0,1,0.00,0.00,OK,,Appears relevant
kid summer programs near me,CM - Nonbranded - Geo Priorities (MxCx),Summer Camps,Exact match (close variant),None,0,1,0.00,0.00,OK,,Appears relevant
future stars swim camp,CM - Branded (Mx.Clicks),Future Stars Camp Brand,Phrase match,None,1,1,0.01,0.00,OK,,Brand term matched: 'future stars'
oasis camp,CM - Competitors - OldW - (Mx.Clicks),Competitors,Exact match,Added,0,3,0.00,0.00,OK,,Competitor matched: 'oasis'
woodbury camp,CM - Competitors - OldW - (Mx.Clicks),Competitors,Exact match (close variant),None,0,7,0.00,0.00,OK,,Competitor matched: 'woodbury'
spire basketball camp,CM - Nonbranded - Other Geos (MxConv),Basketball Camp,Phrase match,None,0,2,0.00,0.00,OK,,Appears relevant
youth baseball camps 2026,CM - Nonbranded - Geo Priorities (MxCx),Summer Camps,Phrase match (close variant),None,0,2,0.00,0.00,OK,,Appears relevant
volleyball camp,CM - Nonbranded - Geo Priorities (MxCx),Volleyball Camps,Exact match,Added,0,4,0.00,0.00,OK,,Appears relevant
sports camp,CM - Nonbranded - Geo Priorities (MxCx),Sports Camps,Exact match,Added,0,2,0.00,0.00,OK,,Appears relevant
bethpage summer camps,CM - Nonbranded - Geo Priorities (MxCx),Sports Camps,Phrase match (close variant),None,0,1,0.00,0.00,OK,,Appears relevant
future stars tennis camp,CM - Branded (Mx.Clicks),Future Stars Camp Brand,Phrase match,None,1,1,0.54,0.00,OK,,Brand term matched: 'future stars'
basketball camp long island,CM - Nonbranded - Geo Priorities (MxCx),Basketball Camp,Exact match (close variant),None,0,2,0.00,0.00,OK,,Appears relevant
track camp long island,CM - Nonbranded - Geo Priorities (MxCx),Sports Camps,Phrase match (close variant),None,0,2,0.00,0.00,OK,,Appears relevant
summer camp great neck,CM - Nonbranded - Geo Priorities (MxCx),Summer Camps,Phrase match,None,0,1,0.00,0.00,OK,,Appears relevant
weekly camps for kids near me,CM - Nonbranded - Geo Priorities (MxCx),Summer Camps,Phrase match (close variant),None,0,1,0.00,0.00,OK,,Appears relevant
flag football camp summer 2026,CM - Nonbranded - Other Geos (MxConv),Football Camps,Phrase match,None,0,1,0.00,0.00,OK,,Appears relevant
westchester day camp,CM - Nonbranded - Other Geos (MxConv),Tennis Camps,Broad match,None,0,3,0.00,0.00,OK,,Appears relevant
one river summer camp,CM - Nonbranded - Geo Priorities (MxCx),Summer Camps,Phrase match (close variant),None,0,1,0.00,0.00,OK,,Appears relevant
volleyball camps summer 2026,CM - Nonbranded - Geo Priorities (MxCx),Volleyball Camps,Phrase match,None,0,1,0.00,0.00,OK,,Appears relevant
patriot pride sports camp,CM - Nonbranded - Geo Priorities (MxCx),Sports Camps,Phrase match,None,0,1,0.00,0.00,OK,,Appears relevant
head first softball camp,CM - Nonbranded - Other Geos (MxConv),Softball Camps,Phrase match,None,0,2,0.00,0.00,OK,,Appears relevant
summer camps,CM - Nonbranded - Geo Priorities (MxCx),Summer Camps,Exact match (close variant),Added,0,6,0.00,0.00,OK,,Appears relevant
top golf summer camp 2026,CM - Nonbranded - Geo Priorities (MxCx),Summer Camps,Phrase match,None,0,1,0.00,0.00,OK,,Appears relevant
camp at the y,CM - Nonbranded - Geo Priorities (MxCx),Summer Camps,Phrase match (close variant),None,0,2,0.00,0.00,OK,,Appears relevant
soccer camps long island,CM - Nonbranded - Geo Priorities (MxCx),Soccer Camps,Phrase match,None,0,2,0.00,0.00,OK,,Appears relevant
future stars diving camp,CM - Branded (Mx.Clicks),Future Stars Camp Brand,Phrase match,None,1,6,1.77,0.00,OK,,Brand term matched: 'future stars'
lacrosse camp near me,CM - Nonbranded - Geo Priorities (MxCx),Lacrosse Camps,Exact match (close variant),None,0,2,0.00,0.00,OK,,Appears relevant
summer camp near me,CM - Nonbranded - Geo Priorities (MxCx),Summer Camps,Exact match (close variant),Added,0,1,0.00,0.00,OK,,Appears relevant
summer camp for kids near me,CM - Nonbranded - Geo Priorities (MxCx),Summer Camps,Exact match (close variant),None,0,1,0.00,0.00,OK,,Appears relevant
basketball camp,CM - Nonbranded - Geo Priorities (MxCx),Basketball Camp,Exact match (close variant),Added,0,2,0.00,0.00,OK,,Appears relevant
summer camps for 5 year olds,CM - Nonbranded - Geo Priorities (MxCx),Summer Camps,Phrase match (close variant),None,0,2,0.00,0.00,OK,,Appears relevant
summer camp,CM - Nonbranded - Geo Priorities (MxCx),Soccer Camps,Phrase match (close variant),None,0,1,0.00,0.00,OK,,Appears relevant
summer camp tutoring,CM - Nonbranded - Geo Priorities (MxCx),Summer Camps,Phrase match,None,0,1,0.00,0.00,OK,,Appears relevant
summer camps around me,CM - Nonbranded - Geo Priorities (MxCx),Summer Camps,Exact match (close variant),None,0,4,0.00,0.00,OK,,Appears relevant
driftwood summer camp,CM - Competitors - OldW - (Mx.Clicks),Competitors,Exact match (close variant),None,0,1,0.00,0.00,OK,,Competitor matched: 'driftwood'
camps r us,CM - Competitors - OldW - (Mx.Clicks),Competitors,Exact match,Added,0,8,0.00,0.00,OK,,Competitor matched: 'camps r us'
horse riding camps for kids,CM - Nonbranded - Geo Priorities (MxCx),Horseback Riding,Phrase match (close variant),None,0,3,0.00,0.00,OK,,Appears relevant
gymnastics camp long island,CM - Nonbranded - Geo Priorities (MxCx),Summer Camps,Phrase match (close variant),None,0,3,0.00,0.00,OK,,Appears relevant
summer theater camp near me,CM - Nonbranded - Geo Priorities (MxCx),Summer Camps,Phrase match (close variant),None,0,1,0.00,0.00,OK,,Appears relevant
westbury summer camp,CM - Nonbranded - Geo Priorities (MxCx),Summer Camps,Exact match (close variant),None,0,3,0.00,0.00,OK,,Appears relevant
nfl youth football camps 2026,CM - Nonbranded - Other Geos (MxConv),Football Camps,Phrase match,None,0,1,0.00,0.00,OK,,Appears relevant
rafa tennis camp,CM - Nonbranded - Other Geos (MxConv),Tennis Camps,Phrase match,None,0,1,0.00,0.00,OK,,Appears relevant
best size tennis racket for 6 year old,CM - pMax - Portland (MxConv),--,Performance Max,None,1,2,0.49,0.00,OK,,Appears relevant for Portland market
summer camp for 13 year olds near me,CM - Nonbranded - Geo Priorities (MxCx),Summer Camps,Phrase match,None,0,1,0.00,0.00,OK,,Appears relevant
future stars summer camp,CM - Branded (Mx.Clicks),Future Stars Camp Brand,Phrase match,Added,1,1,0.70,0.00,OK,,Brand term matched: 'future stars'
sports camps,CM - Nonbranded - Geo Priorities (MxCx),Sports Camps,Exact match (close variant),Added,0,3,0.00,0.00,OK,,Appears relevant
summer programs for 6th graders near me,CM - Nonbranded - Geo Priorities (MxCx),Summer Camps,Phrase match (close variant),None,0,1,0.00,0.00,OK,,Appears relevant
lavner education summer camp,CM - Nonbranded - Geo Priorities (MxCx),Summer Camps,Phrase match (close variant),None,0,2,0.00,0.00,OK,,Appears relevant
camp bright star,CM - Nonbranded - Geo Priorities (MxCx),Summer Camps,Phrase match (close variant),None,0,2,0.00,0.00,OK,,Appears relevant
kids summer camp long island,CM - Nonbranded - Geo Priorities (MxCx),Summer Camps,Exact match (close variant),None,0,1,0.00,0.00,OK,,Appears relevant
horse back riding camp near me,CM - Nonbranded - Geo Priorities (MxCx),Horseback Riding,Exact match (close variant),None,0,1,0.00,0.00,OK,,Appears relevant
future stars camps,CM - Branded (Mx.Clicks),Future Stars Camp Brand,Exact match (close variant),None,2,2,3.99,0.00,OK,,Brand term matched: 'future stars'
camps r us near me,CM - Competitors - OldW - (Mx.Clicks),Competitors,Exact match (close variant),None,0,1,0.00,0.00,OK,,Competitor matched: 'camps r us'
baseball day camps,CM - Nonbranded - Other Geos (MxConv),Baseball Camps,Exact match (close variant),None,0,2,0.00,0.00,OK,,Appears relevant
predators lacrosse camp,CM - Nonbranded - Other Geos (MxConv),Lacrosse Camps,Phrase match (close variant),None,0,2,0.00,0.00,OK,,Appears relevant
purchase summer camp,CM - Nonbranded - Other Geos (MxConv),Tennis Camps,Broad match,None,0,2,0.00,0.00,OK,,Appears relevant
dobbs ferry camp,CM - Nonbranded - Geo Priorities (MxCx),Summer Camps,Phrase match (close variant),None,0,1,0.00,0.00,OK,,Appears relevant
camp near me,CM - Nonbranded - Geo Priorities (MxCx),Summer Camps,Phrase match (close variant),None,0,3,0.00,0.00,OK,,Appears relevant
frost valley camp,CM - Nonbranded - Geo Priorities (MxCx),Summer Camps,Phrase match (close variant),None,0,1,0.00,0.00,OK,,Appears relevant
poko maccready camps,CM - Nonbranded - Geo Priorities (MxCx),Sports Camps,Phrase match (close variant),None,0,2,0.00,0.00,OK,,Appears relevant
hofstra day camp,CM - Competitors - OldW - (Mx.Clicks),Competitors,Exact match (close variant),None,0,2,0.00,0.00,OK,,Competitor matched: 'hofstra'
performing arts camp,CM - Nonbranded - Geo Priorities (MxCx),Summer Camps,Phrase match (close variant),None,0,1,0.00,0.00,OK,,Appears relevant
charlie camp football,CM - Nonbranded - Other Geos (MxConv),Football Camps,Phrase match (close variant),None,0,2,0.00,0.00,OK,,Appears relevant
summer camp,CM - pMax - Portland (MxConv),--,Performance Max,None,0,1,0.00,0.00,OK,,Appears relevant for Portland market
ramapo day camp prices,CM - Nonbranded - Geo Priorities (MxCx),Summer Camps,Phrase match (close variant),None,0,1,0.00,0.00,OK,,Appears relevant
day summer camps for kids near me,CM - Nonbranded - Other Geos (MxConv),Tennis Camps,Broad match,None,0,3,0.00,0.00,OK,,Appears relevant
tia new rochelle tennis,CM - Nonbranded - Other Geos (MxConv),Tennis Camps,Broad match,None,0,1,0.00,0.00,OK,,Appears relevant
basketball camp near me,CM - Nonbranded - Geo Priorities (MxCx),Basketball Camp,Exact match (close variant),Added,1,7,1.66,0.00,OK,,Appears relevant
people's day camp,CM - Nonbranded - Geo Priorities (MxCx),Summer Camps,Phrase match (close variant),None,0,2,0.00,0.00,OK,,Appears relevant
summer camp soccer,CM - Nonbranded - Geo Priorities (MxCx),Soccer Camps,Exact match (close variant),None,0,8,0.00,0.00,OK,,Appears relevant
lacrosse camps,CM - Nonbranded - Geo Priorities (MxCx),Lacrosse Camps,Exact match (close variant),None,1,3,1.44,0.00,OK,,Appears relevant
summer camps southern maine,CM - pMax - Portland (MxConv),--,Performance Max,None,0,1,0.00,0.00,OK,,Appears relevant for Portland market
lego summer camp near me,CM - Nonbranded - Geo Priorities (MxCx),Summer Camps,Phrase match (close variant),None,0,4,0.00,0.00,OK,,Appears relevant
future stars adventure camp,CM - Branded (Mx.Clicks),Future Stars Camp Brand,Exact match (close variant),None,1,3,2.12,0.00,OK,,Brand term matched: 'future stars'
westchester summer camps,CM - Nonbranded - Other Geos (MxConv),Tennis Camps,Broad match,None,0,3,0.00,0.00,OK,,Appears relevant
pierce camp,CM - Competitors - OldW - (Mx.Clicks),Competitors,Exact match (close variant),None,1,17,4.13,0.00,OK,,Competitor matched: 'pierce'
commack school district summer camp,CM - Nonbranded - Geo Priorities (MxCx),Summer Camps,Phrase match,None,0,1,0.00,0.00,OK,,Appears relevant
future stars lacrosse camp,CM - Branded (Mx.Clicks),Future Stars Camp Brand,Phrase match,None,1,2,0.98,0.00,OK,,Brand term matched: 'future stars'
basketball camps westchester,CM - Nonbranded - Other Geos (MxConv),Basketball Camp,Phrase match (close variant),None,0,1,0.00,0.00,OK,,Appears relevant
sua sponte lacrosse,CM - pMax - Portland (MxConv),--,Performance Max,None,1,1,2.63,0.00,OK,,Appears relevant for Portland market
summer soccer camps near me for kids,CM - pMax - Portland (MxConv),--,Performance Max,None,0,2,0.00,0.00,OK,,Appears relevant for Portland market
13 year old summer camps near me,CM - Nonbranded - Geo Priorities (MxCx),Summer Camps,Phrase match,None,1,1,1.76,0.00,OK,,Appears relevant
hauppauge basketball camp,CM - Nonbranded - Geo Priorities (MxCx),Basketball Camp,Phrase match,None,1,2,1.64,0.00,OK,,Appears relevant
westbury camp near me,CM - Nonbranded - Geo Priorities (MxCx),Summer Camps,Phrase match (close variant),None,0,2,0.00,0.00,OK,,Appears relevant
basketball camp,CM - Nonbranded - Other Geos (MxConv),Basketball Camp,Exact match,Added,0,4,0.00,0.00,OK,,Appears relevant
westchester summer camp,CM - Nonbranded - Other Geos (MxConv),Tennis Camps,Broad match,None,0,5,0.00,0.00,OK,,Appears relevant
summer camp riverhead ny,CM - Nonbranded - Geo Priorities (MxCx),Summer Camps,Phrase match,None,1,2,1.97,0.00,OK,,Appears relevant
kids summer tennis,CM - Nonbranded - Geo Priorities (MxCx),Summer Camps,Phrase match (close variant),None,0,3,0.00,0.00,OK,,Appears relevant
summer camp for kids age 3,CM - Nonbranded - Geo Priorities (MxCx),Summer Camps,Phrase match,None,0,2,0.00,0.00,OK,,Appears relevant
summer camp,CM - Nonbranded - Geo Priorities (MxCx),Summer Camps,Exact match (close variant),Added,0,4,0.00,0.00,OK,,Appears relevant
summer camp,CM - Nonbranded - Geo Priorities (MxCx),Summer Camps,Exact match,Added,0,10,0.00,0.00,OK,,Appears relevant
jmta summer camp,CM - Nonbranded - Other Geos (MxConv),Tennis Camps,Phrase match (close variant),None,0,2,0.00,0.00,OK,,Appears relevant
soccer in the park,CM - Nonbranded - Geo Priorities (MxCx),Soccer Camps,Phrase match (close variant),None,0,1,0.00,0.00,OK,,Appears relevant
hofstra soccer camp,CM - Nonbranded - Geo Priorities (MxCx),Soccer Camps,Phrase match,None,1,2,1.31,0.00,OK,,Appears relevant
long island summer camps,CM - Nonbranded - Geo Priorities (MxCx),Summer Camps,Exact match (close variant),None,0,5,0.00,0.00,OK,,Appears relevant
prime time lacrosse camp,CM - Nonbranded - Other Geos (MxConv),Lacrosse Camps,Phrase match (close variant),None,0,1,0.00,0.00,OK,,Appears relevant
kidstrong summer camp,CM - Nonbranded - Geo Priorities (MxCx),Summer Camps,Phrase match,None,0,3,0.00,0.00,OK,,Appears relevant
indoor sports camp near me,CM - Nonbranded - Geo Priorities (MxCx),Sports Camps,Phrase match,None,1,3,3.56,0.00,OK,,Appears relevant
summer camps 2025,CM - Nonbranded - Geo Priorities (MxCx),Soccer Camps,Phrase match (close variant),None,0,2,0.00,0.00,OK,,Appears relevant
day camp in the park,CM - Nonbranded - Geo Priorities (MxCx),Summer Camps,Phrase match (close variant),None,0,1,0.00,0.00,OK,,Appears relevant
hofstra softball camp,CM - Nonbranded - Geo Priorities (MxCx),Softball Camps,Phrase match,None,0,1,0.00,0.00,OK,,Appears relevant
luhi summer camps,CM - Competitors - OldW - (Mx.Clicks),Competitors,Exact match,Added,0,2,0.00,0.00,OK,,Competitor matched: 'luhi'
pierce summer camp roslyn,CM - Competitors - OldW - (Mx.Clicks),Competitors,Exact match (close variant),None,0,1,0.00,0.00,OK,,Competitor matched: 'pierce'
basketball camp long island,CM - Nonbranded - Other Geos (MxConv),Basketball Camp,Phrase match,None,0,1,0.00,0.00,OK,,Appears relevant
track and field for 5 year olds near me,CM - pMax - Portland (MxConv),--,Performance Max,None,0,2,0.00,0.00,OK,,Appears relevant for Portland market
gloria dei summer camp,CM - Nonbranded - Geo Priorities (MxCx),Summer Camps,Phrase match,None,0,1,0.00,0.00,OK,,Appears relevant
summer basketball camps near me,CM - Nonbranded - Geo Priorities (MxCx),Basketball Camp,Exact match (close variant),Added,1,1,1.59,0.00,OK,,Appears relevant
stepinac basketball camp,CM - Nonbranded - Other Geos (MxConv),Basketball Camp,Phrase match,None,0,2,0.00,0.00,OK,,Appears relevant
camps in freeport ny,CM - Nonbranded - Geo Priorities (MxCx),Summer Camps,Phrase match (close variant),None,0,1,0.00,0.00,OK,,Appears relevant
garvies point camp,CM - Nonbranded - Geo Priorities (MxCx),Summer Camps,Phrase match (close variant),None,0,3,0.00,0.00,OK,,Appears relevant
active camp registration,CM - pMax - Portland (MxConv),--,Performance Max,None,0,1,0.00,0.00,OK,,Appears relevant for Portland market
summer camp camp,CM - Nonbranded - Other Geos (MxConv),Tennis Camps,Broad match,None,0,1,0.00,0.00,OK,,Appears relevant
tennis southampton,CM - Nonbranded - Other Geos (MxConv),Tennis Camps,Broad match,None,0,2,0.00,0.00,OK,,Appears relevant
summer camps next week,CM - Nonbranded - Other Geos (MxConv),Tennis Camps,Broad match,None,0,1,0.00,0.00,OK,,Appears relevant
nassau county summer camp,CM - Nonbranded - Geo Priorities (MxCx),Summer Camps,Phrase match (close variant),None,0,1,0.00,0.00,OK,,Appears relevant
summer camp for boys near me,CM - Nonbranded - Geo Priorities (MxCx),Summer Camps,Phrase match,None,0,1,0.00,0.00,OK,,Appears relevant
volleyball camp,CM - Nonbranded - Geo Priorities (MxCx),Volleyball Camps,Exact match (close variant),Added,0,1,0.00,0.00,OK,,Appears relevant
tennis camp,CM - Nonbranded - Other Geos (MxConv),Tennis Camps,Exact match,Added,0,2,0.00,0.00,OK,,Appears relevant
kenwal day camp,CM - Competitors - OldW - (Mx.Clicks),Competitors,Exact match,Added,0,5,0.00,0.00,OK,,Competitor matched: 'kenwal'
oasis camp,CM - Competitors - OldW - (Mx.Clicks),Competitors,Exact match (close variant),Added,0,4,0.00,0.00,OK,,Competitor matched: 'oasis'
summer programs for kids,CM - Nonbranded - Geo Priorities (MxCx),Soccer Camps,Phrase match (close variant),None,0,1,0.00,0.00,OK,,Appears relevant
summer camps near me for kids,CM - Nonbranded - Geo Priorities (MxCx),Summer Camps,Exact match (close variant),None,1,2,0.83,0.00,OK,,Appears relevant
future stars promo code,CM - Branded (Mx.Clicks),Future Stars Camp Brand,Phrase match,None,0,1,0.00,0.00,OK,,Brand term matched: 'future stars'
summer basketball camps,CM - Nonbranded - Geo Priorities (MxCx),Basketball Camp,Exact match (close variant),Added,0,1,0.00,0.00,OK,,Appears relevant
camps for 6 year olds near me,CM - Nonbranded - Geo Priorities (MxCx),Summer Camps,Phrase match (close variant),None,0,1,0.00,0.00,OK,,Appears relevant
westchester county basketball camp,CM - Nonbranded - Geo Priorities (MxCx),Basketball Camp,Phrase match,None,0,1,0.00,0.00,OK,,Appears relevant
amazing athletes summer camp,CM - Nonbranded - Geo Priorities (MxCx),Sports Camps,Phrase match (close variant),None,0,3,0.00,0.00,OK,,Appears relevant
day camps in nassau county ny,CM - Nonbranded - Geo Priorities (MxCx),Summer Camps,Phrase match (close variant),None,0,2,0.00,0.00,OK,,Appears relevant
panther soccer summer camp,CM - Nonbranded - Geo Priorities (MxCx),Soccer Camps,Phrase match,None,1,2,4.06,0.00,OK,,Appears relevant
camp r us,CM - Competitors - OldW - (Mx.Clicks),Competitors,Exact match (close variant),None,0,8,0.00,0.00,OK,,Competitor matched: 'camp r us'
manning football camp,CM - Nonbranded - Other Geos (MxConv),Football Camps,Phrase match,None,0,1,0.00,0.00,OK,,Appears relevant
daycamp near me,CM - Nonbranded - Geo Priorities (MxCx),Summer Camps,Exact match (close variant),None,0,1,0.00,0.00,OK,,Appears relevant
sports camp near me,CM - Nonbranded - Geo Priorities (MxCx),Sports Camps,Exact match (close variant),None,0,2,0.00,0.00,OK,,Appears relevant
goalie soccer camps,CM - Nonbranded - Geo Priorities (MxCx),Soccer Camps,Phrase match,None,0,3,0.00,0.00,OK,,Appears relevant
campus camps holbrook,CM - Nonbranded - Geo Priorities (MxCx),Summer Camps,Phrase match (close variant),None,0,3,0.00,0.00,OK,,Appears relevant
summer camp in long island,CM - Nonbranded - Other Geos (MxConv),Tennis Camps,Broad match,None,0,1,0.00,0.00,OK,,Appears relevant
soccer camp westchester,CM - Nonbranded - Geo Priorities (MxCx),Soccer Camps,Phrase match (close variant),None,0,1,0.00,0.00,OK,,Appears relevant
pierce country day camp,CM - Competitors - OldW - (Mx.Clicks),Competitors,Exact match (close variant),None,2,9,8.04,0.00,OK,,Competitor matched: 'pierce'
volleyball camp for kids,CM - Nonbranded - Geo Priorities (MxCx),Volleyball Camps,Phrase match,None,0,1,0.00,0.00,OK,,Appears relevant
summer soccer camps near me,CM - Nonbranded - Geo Priorities (MxCx),Soccer Camps,Exact match (close variant),None,0,2,0.00,0.00,OK,,Appears relevant
sports camps near me,CM - Nonbranded - Geo Priorities (MxCx),Sports Camps,Exact match (close variant),Added,0,2,0.00,0.00,OK,,Appears relevant
ninja camp,CM - Nonbranded - Geo Priorities (MxCx),Sports Camps,Phrase match (close variant),None,0,1,0.00,0.00,OK,,Appears relevant
future stars tennis,CM - Branded (Mx.Clicks),Future Stars Camp Brand,Phrase match,None,0,1,0.00,0.00,OK,,Brand term matched: 'future stars'
youth leadership training,CM - pMax - Portland (MxConv),--,Performance Max,None,0,2,0.00,0.00,OK,,Appears relevant for Portland market
syosset summer camp,CM - Nonbranded - Geo Priorities (MxCx),Summer Camps,Phrase match,None,0,1,0.00,0.00,OK,,Appears relevant
patriots football camp,CM - Nonbranded - Other Geos (MxConv),Football Camps,Phrase match,None,0,1,0.00,0.00,OK,,Appears relevant
football camps,CM - Nonbranded - Other Geos (MxConv),Football Camps,Exact match,Added,1,4,28.04,1.00,OK,,Appears relevant
basketball camp summer 2026,CM - Nonbranded - Other Geos (MxConv),Basketball Camp,Phrase match,None,0,1,0.00,0.00,OK,,Appears relevant
ymca camp,CM - pMax - Portland (MxConv),--,Performance Max,None,0,1,0.00,0.00,OK,,Appears relevant for Portland market
long island day camps,CM - Nonbranded - Geo Priorities (MxCx),Summer Camps,Exact match (close variant),None,0,2,0.00,0.00,OK,,Appears relevant
summer programs for kids long island,CM - Nonbranded - Geo Priorities (MxCx),Summer Camps,Exact match (close variant),None,0,2,0.00,0.00,OK,,Appears relevant
baseball camps westchester ny,CM - Nonbranded - Geo Priorities (MxCx),Summer Camps,Phrase match (close variant),None,0,2,0.00,0.00,OK,,Appears relevant
hofstra summer camp,CM - Competitors - OldW - (Mx.Clicks),Competitors,Exact match,Added,0,10,0.00,0.00,OK,,Competitor matched: 'hofstra'
summer camp sessions,CM - Nonbranded - Geo Priorities (MxCx),Summer Camps,Exact match (close variant),None,0,1,0.00,0.00,OK,,Appears relevant
volleyball for girls age 10 near me,CM - Nonbranded - Geo Priorities (MxCx),Volleyball Camps,Phrase match (close variant),None,0,2,0.00,0.00,OK,,Appears relevant
summer camps nassau county,CM - Nonbranded - Geo Priorities (MxCx),Summer Camps,Phrase match,None,0,2,0.00,0.00,OK,,Appears relevant
summer camp for 7 year olds near me,CM - pMax - Portland (MxConv),--,Performance Max,None,0,1,0.00,0.00,OK,,Appears relevant for Portland market
nassau county summer camp 2026,CM - Nonbranded - Geo Priorities (MxCx),Summer Camps,Phrase match (close variant),None,0,2,0.00,0.00,OK,,Appears relevant
gymnastics camps,CM - Nonbranded - Geo Priorities (MxCx),Summer Camps,Phrase match (close variant),None,0,3,0.00,0.00,OK,,Appears relevant
hofstra summer camps,CM - Competitors - OldW - (Mx.Clicks),Competitors,Exact match,Added,0,2,0.00,0.00,OK,,Competitor matched: 'hofstra'
camp sunshine,CM - Nonbranded - Geo Priorities (MxCx),Summer Camps,Phrase match (close variant),None,0,3,0.00,0.00,OK,,Appears relevant
summer camp near me,CM - Nonbranded - Geo Priorities (MxCx),Summer Camps,Exact match,Added,1,3,2.16,0.00,OK,,Appears relevant
1 week camp,CM - Nonbranded - Geo Priorities (MxCx),Summer Camps,Phrase match (close variant),None,0,2,0.00,0.00,OK,,Appears relevant
farmingdale summer rec,CM - Nonbranded - Geo Priorities (MxCx),Summer Camps,Phrase match (close variant),None,0,2,0.00,0.00,OK,,Appears relevant
st marys summer camps 2026,CM - Nonbranded - Geo Priorities (MxCx),Summer Camps,Phrase match,None,0,2,0.00,0.00,OK,,Appears relevant
usdan tuition,CM - Nonbranded - Geo Priorities (MxCx),Summer Camps,Phrase match (close variant),None,0,1,0.00,0.00,OK,,Appears relevant
girls softball camps near me,CM - Nonbranded - Geo Priorities (MxCx),Softball Camps,Phrase match,None,0,2,0.00,0.00,OK,,Appears relevant
club fit tennis camp,CM - Nonbranded - Other Geos (MxConv),Tennis Camps,Phrase match,None,0,1,0.00,0.00,OK,,Appears relevant
basketball camps near me,CM - Nonbranded - Other Geos (MxConv),Basketball Camp,Exact match,Added,1,3,5.55,0.00,OK,,Appears relevant
low price summer camps,CM - Nonbranded - Other Geos (MxConv),Tennis Camps,Broad match,None,0,1,0.00,0.00,OK,,Appears relevant
summer camps near me,CM - Nonbranded - Geo Priorities (MxCx),Summer Camps,Exact match (close variant),Added,1,23,1.61,0.00,OK,,Appears relevant
summer camps long island,CM - Nonbranded - Geo Priorities (MxCx),Summer Camps,Exact match (close variant),None,0,2,0.00,0.00,OK,,Appears relevant
kids camp,CM - Nonbranded - Geo Priorities (MxCx),Summer Camps,Phrase match (close variant),None,0,2,0.00,0.00,OK,,Appears relevant
tumbling summer camp,CM - Nonbranded - Geo Priorities (MxCx),Summer Camps,Phrase match,None,0,1,0.00,0.00,OK,,Appears relevant
cheerleading camp long island,CM - Nonbranded - Geo Priorities (MxCx),Summer Camps,Phrase match (close variant),None,0,2,0.00,0.00,OK,,Appears relevant
art camp for kids near me,CM - Nonbranded - Geo Priorities (MxCx),Summer Camps,Phrase match (close variant),None,0,1,0.00,0.00,OK,,Appears relevant
kids tennis camp near me,CM - Nonbranded - Geo Priorities (MxCx),Summer Camps,Phrase match,None,0,2,0.00,0.00,OK,,Appears relevant
luhi summer camp,CM - Competitors - OldW - (Mx.Clicks),Competitors,Exact match,Added,2,43,7.75,0.00,OK,,Competitor matched: 'luhi'
deer park summer camps,CM - Nonbranded - Geo Priorities (MxCx),Summer Camps,Phrase match,None,0,2,0.00,0.00,OK,,Appears relevant
half day summer camps near me,CM - Nonbranded - Geo Priorities (MxCx),Summer Camps,Phrase match,None,1,4,2.13,0.00,OK,,Appears relevant
cortlandt manor summer camp,CM - Nonbranded - Geo Priorities (MxCx),Summer Camps,Phrase match,None,0,2,0.00,0.00,OK,,Appears relevant
swim camp summer 2026,CM - Nonbranded - Geo Priorities (MxCx),Summer Camps,Phrase match,None,0,1,0.00,0.00,OK,,Appears relevant
basketball camp westchester,CM - Nonbranded - Geo Priorities (MxCx),Basketball Camp,Phrase match,None,0,1,0.00,0.00,OK,,Appears relevant
summer day camps,CM - Nonbranded - Other Geos (MxConv),Tennis Camps,Broad match,None,0,3,0.00,0.00,OK,,Appears relevant
volleyball camp in new york,CM - Nonbranded - Geo Priorities (MxCx),Volleyball Camps,Phrase match,None,1,7,2.02,0.00,OK,,Appears relevant
lavner education summer camp,CM - Nonbranded - Geo Priorities (MxCx),Summer Camps,Phrase match,None,0,1,0.00,0.00,OK,,Appears relevant
art camp for 12 year olds,CM - Nonbranded - Geo Priorities (MxCx),Summer Camps,Phrase match (close variant),None,0,1,0.00,0.00,OK,,Appears relevant
southern maine summer camps,CM - pMax - Portland (MxConv),--,Performance Max,None,0,1,0.00,0.00,OK,,Appears relevant for Portland market
elon football summer camps,CM - Nonbranded - Other Geos (MxConv),Football Camps,Phrase match,None,0,1,0.00,0.00,OK,,Appears relevant
dcc kids camp,CM - Nonbranded - Geo Priorities (MxCx),Summer Camps,Phrase match,None,0,1,0.00,0.00,OK,,Appears relevant
future stars adventure camp,CM - Branded (Mx.Clicks),Future Stars Camp Brand,Phrase match,None,0,2,0.00,0.00,OK,,Brand term matched: 'future stars'
armonk tennis camp,CM - Nonbranded - Other Geos (MxConv),Tennis Camps,Phrase match,None,0,1,0.00,0.00,OK,,Appears relevant
summer basketball camps near me,CM - Nonbranded - Geo Priorities (MxCx),Basketball Camp,Phrase match,Added,0,1,0.00,0.00,OK,,Appears relevant
lady tiger basketball camp,CM - Nonbranded - Geo Priorities (MxCx),Basketball Camp,Phrase match,None,0,1,0.00,0.00,OK,,Appears relevant
soccer training camps near me,CM - Nonbranded - Geo Priorities (MxCx),Soccer Camps,Exact match (close variant),None,1,4,1.75,0.00,OK,,Appears relevant
summer theater camp near me,CM - Nonbranded - Geo Priorities (MxCx),Summer Camps,Phrase match,None,0,2,0.00,0.00,OK,,Appears relevant
futurestars,CM - Branded (Mx.Clicks),Future Stars Camp Brand,Exact match (close variant),None,0,1,0.00,0.00,OK,,Brand term matched: 'futurestars'
local camps,CM - Nonbranded - Geo Priorities (MxCx),Summer Camps,Phrase match (close variant),None,0,1,0.00,0.00,OK,,Appears relevant
soccer summer camp,CM - Nonbranded - Geo Priorities (MxCx),Soccer Camps,Exact match (close variant),None,2,5,3.24,0.00,OK,,Appears relevant
future stars near me,CM - Branded (Mx.Clicks),Future Stars Camp Brand,Exact match (close variant),None,11,36,2.66,0.00,OK,,Brand term matched: 'future stars'
summer day camps in westchester,CM - Nonbranded - Other Geos (MxConv),Tennis Camps,Broad match,None,1,4,7.20,0.00,OK,,Appears relevant
soccer summer camp long island,CM - Nonbranded - Geo Priorities (MxCx),Soccer Camps,Phrase match,None,1,3,1.40,0.00,OK,,Appears relevant
basketball summer camp near me,CM - Nonbranded - Geo Priorities (MxCx),Basketball Camp,Exact match (close variant),None,0,6,0.00,0.00,OK,,Appears relevant
summer dance camps,CM - Nonbranded - Geo Priorities (MxCx),Dance Camps,Exact match (close variant),None,1,3,3.40,0.00,OK,,Appears relevant
summer camp in nassau county,CM - Nonbranded - Geo Priorities (MxCx),Summer Camps,Phrase match,None,0,4,0.00,0.00,OK,,Appears relevant
longwood school district summer camp,CM - Nonbranded - Geo Priorities (MxCx),Summer Camps,Phrase match,None,0,2,0.00,0.00,OK,,Appears relevant
cheverus sports camp,CM - pMax - Portland (MxConv),--,Performance Max,None,0,1,0.00,0.00,OK,,Appears relevant for Portland market
football camp summer 2026,CM - Nonbranded - Geo Priorities (MxCx),Football Camps,Phrase match,None,0,2,0.00,0.00,OK,,Appears relevant
summer camps for 15 year old,CM - Nonbranded - Geo Priorities (MxCx),Summer Camps,Phrase match,None,0,1,0.00,0.00,OK,,Appears relevant
mineola summer camp,CM - Nonbranded - Geo Priorities (MxCx),Soccer Camps,Phrase match (close variant),None,0,1,0.00,0.00,OK,,Appears relevant
day camp near me,CM - Nonbranded - Geo Priorities (MxCx),Summer Camps,Exact match,Added,0,1,0.00,0.00,OK,,Appears relevant
kid strong camp,CM - Nonbranded - Geo Priorities (MxCx),Sports Camps,Phrase match (close variant),None,0,1,0.00,0.00,OK,,Appears relevant
belhaven football camp,CM - Nonbranded - Other Geos (MxConv),Football Camps,Phrase match,None,0,1,0.00,0.00,OK,,Appears relevant
summer dance camps,CM - Nonbranded - Other Geos (MxConv),Dance Camps,Exact match (close variant),None,0,2,0.00,0.00,OK,,Appears relevant
fredonia summer camp,CM - Nonbranded - Geo Priorities (MxCx),Summer Camps,Phrase match,None,0,1,0.00,0.00,OK,,Appears relevant
long island summer camps,CM - Nonbranded - Geo Priorities (MxCx),Summer Camps,Phrase match (close variant),None,0,1,0.00,0.00,OK,,Appears relevant
future stars day camp,CM - Branded (Mx.Clicks),Future Stars Camp Brand,Exact match (close variant),None,3,5,0.89,0.00,OK,,Brand term matched: 'future stars'
summer soccer registration 2026,CM - Nonbranded - Geo Priorities (MxCx),Soccer Camps,Phrase match (close variant),None,1,1,1.44,0.00,OK,,Appears relevant
camp kaylie near me,CM - Nonbranded - Geo Priorities (MxCx),Summer Camps,Phrase match (close variant),None,0,1,0.00,0.00,OK,,Appears relevant
track camp long island,CM - Nonbranded - Geo Priorities (MxCx),Summer Camps,Phrase match (close variant),None,0,1,0.00,0.00,OK,,Appears relevant
summer camp for 12 year olds near me,CM - Nonbranded - Geo Priorities (MxCx),Summer Camps,Phrase match (close variant),None,0,3,0.00,0.00,OK,,Appears relevant
summer sports kids,CM - Nonbranded - Geo Priorities (MxCx),Sports Camps,Phrase match (close variant),None,0,1,0.00,0.00,OK,,Appears relevant
esf camp,CM - Nonbranded - Other Geos (MxConv),Tennis Camps,Broad match,Excluded,0,2,0.00,0.00,ALREADY EXCLUDED,,Already added as negative
hofstra summer camp 2026,CM - Nonbranded - Geo Priorities (MxCx),Summer Camps,Phrase match,Excluded,0,1,0.00,0.00,ALREADY EXCLUDED,,Already added as negative
arsenal camp,CM - Nonbranded - Geo Priorities (MxCx),Soccer Camps,Phrase match (close variant),Excluded,0,1,0.00,0.00,ALREADY EXCLUDED,,Already added as negative
what size soccer ball for 8 year old,CM - pMax - Portland (MxConv),--,Performance Max,Excluded,0,1,0.00,0.00,ALREADY EXCLUDED,,Already added as negative
scarsdale camp,CM - Nonbranded - Other Geos (MxConv),Tennis Camps,Broad match,Excluded,0,2,0.00,0.00,ALREADY EXCLUDED,,Already added as negative
horse camp,CM - Nonbranded - Geo Priorities (MxCx),Horseback Riding,Exact match (close variant),Excluded,0,2,0.00,0.00,ALREADY EXCLUDED,,Already added as negative
donovan mitchell camp,CM - Nonbranded - Other Geos (MxConv),Basketball Camp,Phrase match (close variant),Excluded,0,1,0.00,0.00,ALREADY EXCLUDED,,Already added as negative
bballstars411,CM - Nonbranded - Geo Priorities (MxCx),Basketball Camp,Phrase match (close variant),Excluded,0,1,0.00,0.00,ALREADY EXCLUDED,,Already added as negative
